<?xml version="1.0" encoding="utf-8" ?>
<!DOCTYPE traps [
        <!ELEMENT traps (trap)*>
        <!ELEMENT trap (name, damage, rarity)>
        <!ELEMENT name (#PCDATA)>
        <!ELEMENT damage (#PCDATA)>
        <!ELEMENT rarity (#PCDATA)>
        ]>

<traps>
    <trap>
        <name>un trou</name>
        <damage>2</damage>
        <rarity>0.2</rarity>
    </trap>
    <trap>
        <name>des barbelés</name>
        <damage>5</damage>
        <rarity>0.1</rarity>
    </trap>
    <trap>
        <name>un nid d'araignées venimeuses</name>
        <damage>7</damage>
        <rarity>0.2</rarity>
    </trap>
    <trap>
        <name>une mine antipersonnel</name>
        <damage>60</damage>
        <rarity>0.01</rarity>
    </trap>
</traps>